time,X005,X011,X029
1.000000000000,1.000002641,132.7909477,1.000000112
2.000000000000,1.000012302,91.17275367,1.000001411
3.000000000000,1.000032898,64.64419726,1.000009387
4.000000000000,1.000066293,47.21041393,1.000043787
5.000000000000,1.000111843,35.39529916,1.000160751
6.000000000000,1.000166819,27.14634601,1.000494397
7.000000000000,1.000227242,21.22622819,1.001324396
8.000000000000,1.000288751,16.87154334,1.003172909
9.000000000000,1.000347300,13.59926079,1.006928727
10.00000000000,1.000399599,11.09551898,1.013989445
11.00000000000,1.000443316,9.150782255,1.026405594
12.00000000000,1.000477098,7.621389031,1.047005485
13.00000000000,1.000500462,6.406317018,1.079477412
14.00000000000,1.000513635,5.432850720,1.128387577
15.00000000000,1.000517362,4.647542327,1.199117493
16.00000000000,1.000512729,4.010377333,1.297712917
17.00000000000,1.000501009,3.490918666,1.430646334
18.00000000000,1.000483538,3.065698029,1.604504985
19.00000000000,1.000461622,2.716410698,1.825625179
20.00000000000,1.000436478,2.428639450,2.099699865
21.00000000000,1.000409192,2.190934668,2.431389649
22.00000000000,1.000380703,1.994139356,2.823967287
23.00000000000,1.000351794,1.830885965,3.279022627
24.00000000000,1.000323101,1.695216035,3.796249395
25.00000000000,1.000295124,1.582289154,4.373328156
26.00000000000,1.000268236,1.488157861,5.005911898
27.00000000000,1.000242709,1.409591947,5.687712970
28.00000000000,1.000218720,1.343940184,6.410683169
29.00000000000,1.000196377,1.289020759,7.165273162
30.00000000000,1.000175724,1.243033889,7.940753374
31.00000000000,1.000156761,1.204491771,8.725576240
32.00000000000,1.000139454,1.172162143,9.507759024
33.00000000000,1.000123738,1.145022622,10.27526724
34.00000000000,1.000109535,1.122223622,11.01638073
35.00000000000,1.000096752,1.103058133,11.72002719
36.00000000000,1.000085291,1.086937021,12.37607154
37.00000000000,1.000075049,1.073368784,12.97555278
38.00000000000,1.000065924,1.061942916,13.51086375
39.00000000000,1.000057818,1.052316207,13.97587254
40.00000000000,1.000050635,1.044201439,14.36598674
